hippo_id,smiles,inchikey,required_amount_mg,quoted_amount,quote_currency,quote_price,quote_lead_time_days,quote_supplier,quote_catalogue,quote_entry,quoted_smiles,quoted_purity,num_reaction_dependencies,num_product_dependencies,reaction_dependencies,product_dependencies,chemistry_types,scaffold_series
122418,NCCc1cocn1,RWIPJFQIYWOQKH-UHFFFAOYSA-N,14.0,100.0,EUR,326.0,10,Enamine,Global catalog,EN300-37274749,Cl.Cl.NCCc1cocn1,,14,14,"[120398, 133762, 133765, 133766, 133772, 134212, 138256, 138287, 138297, 138298, 138303, 138304, 138305, 138310]","[122393, 124220, 135234, 135240, 135242, 135253, 135747, 139945, 139965, 139967, 139976, 139978, 139980, 139990]","Amidation, Formation_of_urea_from_two_amines","[122393, 124220]"
122428,c1ccc2c(c1)CCN2,LPAGFVYQRIESJQ-UHFFFAOYSA-N,3.0,50.0,EUR,18.0,2,Enamine,EU stock,EN300-19816,c1ccc2c(c1)CCN2,,3,3,"[120398, 133807, 133808]","[122393, 135317, 135319]",Formation_of_urea_from_two_amines,[122393]
62341,NC(=O)C1CCCNC1,BVOCPVIXARZNQN-UHFFFAOYSA-N,55.0,100.0,EUR,18.0,2,Enamine,EU stock,EN300-18610,NC(=O)C1CCCNC1,,55,55,"[120444, 120461, 120467, 120472, 120536, 120559, 122040, 122049, 122079, 122080, 122087, 122091, 122107, 122118, 122125, 122131, 122133, 122138, 122141, 122146, 122182, 122183, 122190, 122193, 122197, 122199, 122213, 122321, 122384, 122386, 122397, 122412, 122608, 122617, 122798, 123223, 123557, 132234, 132310, 145435, 145519, 145611, 147685, 149387, 149435, 149439, 149471, 149479, 149560, 151203, 151277, 151286, 151287, 151309, 151326]","[112, 122473, 122489, 122496, 122553, 122657, 122686, 124230, 124231, 124232, 124236, 124243, 124255, 124288, 124289, 124298, 124303, 124324, 124337, 124346, 124354, 124357, 124362, 124366, 124372, 124412, 124414, 124423, 124427, 124432, 124435, 124451, 124563, 124635, 124638, 124650, 124666, 124864, 125056, 125832, 133682, 146304, 146407, 148589, 150414, 150420, 150460, 150469, 150563, 152251, 152325, 152334, 152335, 152357, 152374]",Amidation,"[122489, 122496, 124229, 124230, 124231, 124232, 124236]"
122542,COc1cccnc1CC(=O)O,OPKXCVNZKVPQFE-UHFFFAOYSA-N,9.0,50.0,EUR,74.0,2,Enamine,EU stock,EN300-191272,COc1cccnc1CC(=O)O.Cl,,9,9,"[120461, 147749, 147751, 147799, 147801, 147803, 147820, 147821, 151010]","[122489, 148666, 148668, 148717, 148719, 148721, 148738, 148739, 152051]",Amidation,"[122489, 124230]"
122548,CSc1ccccc1CC(=O)O,PSRVZRJMWNFSIZ-UHFFFAOYSA-N,8.0,50.0,EUR,52.0,2,Enamine,EU stock,EN300-127131,CSc1ccccc1CC(=O)O,,8,8,"[120467, 120752, 120754, 120755, 120763, 120766, 120783, 153842]","[122496, 122911, 122913, 122914, 122922, 122925, 122945, 154894]",Amidation,[122496]
125495,O=C(O)C1CCc2ccccc21,JBQMFBWTKWOSQX-UHFFFAOYSA-N,13.0,50.0,EUR,18.0,2,Enamine,EU stock,EN300-66970,O=C(O)C1CCc2ccccc21,,13,13,"[123223, 123748, 138256, 138319, 138328, 151372, 151392, 151397, 151405, 151407, 151434, 151437, 155052]","[124220, 124236, 126028, 140006, 140015, 152420, 152440, 152445, 152453, 152455, 152482, 152485, 156205]",Amidation,"[124220, 124229, 124236, 124237]"
150352,O=C(O)Cc1ccccn1,BPSNETAIJADFTO-UHFFFAOYSA-N,8.0,50.0,EUR,18.0,2,Enamine,EU stock,EN300-34537,Cl.O=C(O)Cc1ccccn1,,8,8,"[149387, 149512, 149536, 149559, 149575, 149576, 149578, 149579]","[124230, 150509, 150537, 150561, 150578, 150579, 150581, 150582]",Amidation,[124230]
146197,O=C(O)C1CCOc2ccccc21,RGWHTTALQBHDGZ-UHFFFAOYSA-N,9.0,50.0,EUR,105.0,2,Enamine,EU stock,EN300-65938,O=C(O)C1CCOc2ccccc21,,9,9,"[145435, 145539, 145540, 145573, 145575, 145576, 145577, 145581, 145600]","[124231, 146327, 146328, 146365, 146367, 146368, 146369, 146373, 146392]",Amidation,[124231]
133593,O=C(O)Cc1ccn[nH]1,NTVKSUPEUFXUGS-UHFFFAOYSA-N,8.0,50.0,EUR,26.0,2,Enamine,EU stock,EN300-71405,Cl.O=C(O)Cc1ccn[nH]1,,8,8,"[132234, 132256, 132273, 132317, 132326, 132328, 132329, 132330]","[124232, 133619, 133636, 133689, 133699, 133701, 133702, 133703]",Amidation,[124232]
122528,COc1ccccc1C(N)C(=O)O,DQSACLYOIBPCJU-UHFFFAOYSA-N,1.0,50.0,EUR,18.0,2,Enamine,EU stock,EN300-7543513,COc1ccccc1C(N)C(=O)O.Cl,,1,1,[120444],[122473],Amidation,[122473]
146303,O=C(O)C1CCOc2ccc(Br)cc21,DHBMXWGCQVIQMR-UHFFFAOYSA-N,2.0,50.0,EUR,165.0,2,Enamine,EU stock,EN300-263155,O=C(O)C1CCOc2ccc(Br)cc21,,2,2,"[145519, 145521]","[146304, 146306]",Amidation,[124231]
122505,NC(=O)C1CCNC1,IQHXABCGSFAKPN-UHFFFAOYSA-N,31.0,50.0,EUR,33.0,2,Enamine,EU stock,EN300-70092,Cl.NC(=O)C1CCNC1,,31,31,"[120426, 154282, 154288, 154307, 154309, 154313, 154316, 154321, 154327, 154328, 154331, 154336, 154339, 154355, 154357, 154363, 154372, 154405, 154409, 154410, 154413, 154582, 154646, 154695, 154762, 154923, 154926, 154948, 154949, 155052, 155630]","[122455, 155345, 155351, 155376, 155378, 155382, 155385, 155390, 155397, 155398, 155401, 155406, 155409, 155428, 155430, 155436, 155445, 155491, 155496, 155497, 155500, 155723, 155799, 155848, 155915, 156076, 156079, 156101, 156102, 156205, 156789]",Amidation,[124237]
124641,O=C(O)Cc1c(F)cccc1F,FUGDCKXBUZFEON-UHFFFAOYSA-N,3.0,50.0,EUR,18.0,2,Enamine,EU stock,EN300-100653,O=C(O)Cc1c(F)cccc1F,,3,3,"[122397, 154646, 158368]","[124650, 155799, 159570]",Amidation,"[124229, 124235, 124237]"
124634,NC(C(=O)O)c1ccc(O)cc1,LJCWONGJFPCTTL-UHFFFAOYSA-N,11.0,50.0,EUR,18.0,2,Enamine,EU stock,EN300-105272,N[C@@H](C(=O)O)c1ccc(O)cc1,,11,11,"[122384, 123712, 154695, 155941, 155952, 155964, 155966, 155967, 155984, 155988, 158395]","[124635, 125992, 155848, 157100, 157111, 157123, 157125, 157126, 157143, 157147, 159597]",Amidation,"[124229, 124235, 124237]"
155450,CNC(=O)C1CCNC1,BVOWXWSHDIGNRE-UHFFFAOYSA-N,24.0,50.0,EUR,94.0,2,Enamine,EU stock,EN300-257555,CNC(=O)C1CCNC1.Cl,,24,24,"[154416, 154503, 154541, 154603, 154755, 154830, 154856, 154882, 154919, 154965, 155016, 155077, 155126, 155242, 155262, 155322, 155347, 155394, 155447, 155602, 155708, 155795, 155802, 155966]","[155503, 155623, 155677, 155755, 155908, 155983, 156009, 156035, 156072, 156118, 156169, 156230, 156279, 156395, 156415, 156475, 156503, 156550, 156603, 156759, 156867, 156954, 156961, 157125]",Amidation,[124237]
124637,O=C(O)Cc1ccc(Br)cc1Br,FOTKDKHMRQKYHB-UHFFFAOYSA-N,10.0,100.0,EUR,27.0,10,Enamine,Global catalog,EN300-4266546,O=C(O)Cc1ccc(Br)cc1Br,,10,10,"[122386, 122765, 154949, 155761, 155770, 155772, 155792, 155795, 155797, 155818]","[124638, 125022, 156102, 156920, 156929, 156931, 156951, 156954, 156956, 156977]",Amidation,"[124229, 124237]"
155412,CC1(C(N)=O)CCNC1,CIIKWJNFAZBRBN-UHFFFAOYSA-N,24.0,100.0,EUR,259.0,10,Enamine,Global catalog,EN300-194442,CC1(C(N)=O)CCNC1,,24,24,"[154501, 154539, 154605, 154688, 154753, 154832, 154834, 154883, 154967, 154998, 155037, 155079, 155128, 155259, 155302, 155324, 155345, 155411, 155445, 155614, 155710, 155797, 155800, 155967]","[155621, 155675, 155757, 155841, 155906, 155985, 155987, 156036, 156120, 156151, 156190, 156232, 156281, 156412, 156455, 156477, 156501, 156567, 156601, 156771, 156869, 156956, 156959, 157126]",Amidation,[124237]
62373,CC1CCC(C(N)=O)CN1,WGGFJKKCAFNBGH-UHFFFAOYSA-N,42.0,50.0,EUR,63.0,2,Enamine,EU stock,EN300-43493,CC1CCC(C(N)=O)CN1,,42,42,"[120419, 120694, 120754, 120949, 122280, 122313, 122420, 122515, 122576, 122594, 122635, 122717, 122734, 122774, 122813, 123028, 123078, 123097, 123247, 123415, 123526, 123538, 123593, 123688, 132330, 133455, 145577, 147799, 148961, 149575, 149696, 150339, 150401, 150864, 150999, 151405, 151525, 151617, 151885, 151937, 151988, 152093]","[122448, 122849, 122913, 123119, 124520, 124553, 124674, 124770, 124831, 124849, 124890, 124972, 124989, 125031, 125071, 125291, 125344, 125364, 125519, 125690, 125801, 125813, 125869, 125968, 133703, 134906, 146369, 148717, 149919, 150578, 150705, 151361, 151425, 151897, 152040, 152453, 152573, 152665, 152933, 152985, 153036, 153141]",Amidation,"[122489, 122496, 124229, 124230, 124231, 124232, 124236]"
124365,Nc1cccc(CC(=O)O)c1,XUSKZLBLGHBCLD-UHFFFAOYSA-N,18.0,50.0,EUR,18.0,2,Enamine,EU stock,EN300-69343,Nc1cccc(CC(=O)O)c1,,18,18,"[122141, 122143, 122509, 122590, 122592, 122593, 122594, 122598, 123725, 154288, 155073, 155077, 155079, 155084, 155086, 155087, 155154, 157555]","[124366, 124368, 124764, 124845, 124847, 124848, 124849, 124853, 126005, 155351, 156226, 156230, 156232, 156237, 156239, 156240, 156307, 158756]",Amidation,"[124229, 124235, 124237]"
122685,C[S+]([O-])c1ccccc1CC(=O)O,SDVMHTJFIXENIU-UHFFFAOYSA-N,2.0,50.0,EUR,287.0,2,Enamine,EU stock,EN300-171749,CS(=O)c1ccccc1CC(=O)O,,2,2,"[120559, 120580]","[122686, 122711]",Amidation,[122496]
124353,O=C(O)C(O)c1ccccc1,IWYDHOAUDWTVEP-UHFFFAOYSA-N,17.0,50.0,EUR,18.0,2,Enamine,EU stock,EN300-97210,O=C(O)[C@@H](O)c1ccccc1,,17,17,"[122131, 122276, 122278, 122279, 122280, 122284, 122288, 123700, 154282, 154436, 154530, 154539, 154541, 154547, 154581, 154786, 157534]","[124354, 124516, 124518, 124519, 124520, 124524, 124528, 125980, 155345, 155539, 155666, 155675, 155677, 155683, 155722, 155939, 158733]",Amidation,"[124229, 124235, 124237]"
124562,O=C(O)Cc1cc(F)ccc1Br,BPNWLZNAKZSBHH-UHFFFAOYSA-N,2.0,50.0,EUR,18.0,2,Enamine,EU stock,EN300-113212,O=C(O)Cc1cc(F)ccc1Br,,2,2,"[122321, 154582]","[124563, 155723]",Amidation,"[124229, 124237]"
62375,NC(=O)C1(O)CCCNC1,AKFTYWINLIAFIX-UHFFFAOYSA-N,41.0,50.0,EUR,240.0,2,Enamine,EU stock,EN300-210553,NC(=O)C1(O)CCCNC1,,41,41,"[120704, 120763, 120843, 122276, 122331, 122417, 122493, 122572, 122590, 122631, 122713, 122763, 122802, 122818, 123006, 123074, 123123, 123242, 123522, 123534, 123597, 123684, 123754, 132326, 133444, 145573, 147803, 148949, 149576, 149711, 150343, 150406, 150996, 151168, 151437, 151531, 151614, 151881, 151943, 151962, 152089]","[122859, 122922, 123011, 124516, 124574, 124671, 124748, 124827, 124845, 124886, 124968, 125019, 125060, 125076, 125269, 125340, 125390, 125514, 125797, 125809, 125873, 125964, 126034, 133699, 134894, 146365, 148721, 149907, 150579, 150720, 151365, 151430, 152037, 152216, 152485, 152579, 152662, 152929, 152991, 153010, 153137]",Amidation,"[122489, 122496, 124229, 124230, 124231, 124232, 124236]"
124431,O=C(O)Cc1ccccc1F,RPTRFSADOICSSK-UHFFFAOYSA-N,17.0,50.0,EUR,18.0,2,Enamine,EU stock,EN300-21358,O=C(O)Cc1ccccc1F,,17,17,"[122197, 123613, 123614, 123684, 123686, 123687, 123688, 123705, 154316, 155175, 155177, 155180, 155242, 155288, 155302, 155304, 157544]","[124432, 125890, 125891, 125964, 125966, 125967, 125968, 125985, 155385, 156328, 156330, 156333, 156395, 156441, 156455, 156457, 158743]",Amidation,"[124229, 124235, 124237]"
3936,CNCCC(N)=O,FFJLSBFLTYYWII-UHFFFAOYSA-N,1.0,50.0,EUR,39.0,2,Enamine,EU stock,EN300-209532,CNCCC(N)=O,,1,1,[120451],[122479],Amidation,[122479]
122504,COc1ccccc1CC(=O)O,IVEWTCACRDEAOB-UHFFFAOYSA-N,5.0,50.0,EUR,18.0,2,Enamine,EU stock,EN300-20940,COc1ccccc1CC(=O)O,,5,5,"[120419, 120426, 120451, 122617, 158232]","[112, 122448, 122455, 122479, 159434]",Amidation,"[124229, 124235, 124237]"
19608,NC(C(=O)O)c1cccc(Cl)c1,MGOUENCSVMAGSE-UHFFFAOYSA-N,4.0,50.0,EUR,18.0,2,Enamine,EU stock,EN300-70098,NC(C(=O)O)c1cccc(Cl)c1,,4,4,"[123557, 123769, 155630, 158018]","[125832, 126049, 156789, 159220]",Amidation,"[124229, 124235, 124237]"
62378,O=C1NC2CNCC1C2,ALXAOCUIZADSIB-UHFFFAOYSA-N,43.0,50.0,EUR,567.0,2,Enamine,EU stock,EN300-333198,Cl.O=C1NC2CNCC1C2,,43,43,"[120540, 120580, 122046, 122085, 122089, 122093, 122136, 122143, 122180, 122185, 122195, 122210, 122473, 122621, 122765, 122905, 123691, 123697, 123700, 123702, 123704, 123705, 123706, 123712, 123748, 123769, 132312, 145521, 145613, 147687, 149431, 149441, 149473, 149477, 149566, 151010, 151205, 151275, 151279, 151284, 151289, 151311, 151328]","[122661, 122711, 124250, 124295, 124300, 124305, 124360, 124368, 124410, 124416, 124429, 124448, 124727, 124876, 125022, 125167, 125971, 125977, 125980, 125982, 125984, 125985, 125986, 125992, 126028, 126049, 133684, 146306, 146409, 148591, 150410, 150422, 150462, 150467, 150569, 152051, 152253, 152323, 152327, 152332, 152337, 152359, 152376]",Amidation,"[122489, 122496, 124229, 124230, 124231, 124232, 124236]"
139989,Cc1ccc2c(c1)C(C(=O)O)CC2,CDCWPUXBHUKFLH-UHFFFAOYSA-N,11.0,50.0,EUR,154.0,2,Enamine,EU stock,EN300-3066556,Cc1ccc2c(c1)C(C(=O)O)CC2,,11,11,"[138310, 138962, 138964, 151309, 151311, 151613, 151614, 151615, 151616, 151617, 151621]","[139990, 140697, 140699, 152357, 152359, 152661, 152662, 152663, 152664, 152665, 152669]",Amidation,"[124220, 124236]"
62365,CNC(=O)C1CCCNC1,LEEDUUNLCWJQNG-UHFFFAOYSA-N,40.0,50.0,EUR,44.0,2,Enamine,EU stock,EN300-74129,CNC(=O)C1CCCNC1.Cl,,40,40,"[120701, 120828, 122278, 122495, 122574, 122592, 122633, 122715, 122794, 122811, 123026, 123085, 123116, 123244, 123524, 123536, 123595, 123686, 123710, 123714, 123730, 123753, 132328, 145575, 147801, 148951, 149578, 149701, 150341, 150399, 150866, 150997, 151434, 151523, 151615, 151883, 151935, 151986, 152092, 153842]","[122856, 122996, 124518, 124750, 124829, 124847, 124888, 124970, 125051, 125069, 125289, 125351, 125383, 125516, 125799, 125811, 125871, 125966, 125990, 125994, 126010, 126033, 133701, 146367, 148719, 149909, 150581, 150710, 151363, 151423, 151899, 152038, 152482, 152571, 152663, 152931, 152983, 153034, 153140, 154894]",Amidation,"[122489, 122496, 124229, 124230, 124231, 124232, 124236]"
62359,O=C1NCC2CCNCC12,SXNMNJGBKPGDPH-UHFFFAOYSA-N,37.0,50.0,EUR,218.0,2,Enamine,EU stock,EN300-7218055,O=C1NC[C@@H]2CCNC[C@H]12,,37,37,"[120691, 120752, 120977, 122288, 122303, 122468, 122542, 122584, 122680, 122725, 122773, 122917, 123036, 123075, 123096, 123254, 123451, 123725, 123729, 123752, 123765, 123767, 132256, 145600, 147749, 149704, 150331, 150429, 150857, 151006, 151392, 151508, 151613, 151893, 151922, 152020, 152101]","[122846, 122911, 123147, 124528, 124543, 124722, 124797, 124839, 124935, 124980, 125030, 125179, 125299, 125341, 125363, 125526, 125726, 126005, 126009, 126032, 126045, 126047, 133619, 146392, 148666, 150713, 151353, 151453, 151890, 152047, 152440, 152556, 152661, 152941, 152970, 153068, 153149]",Amidation,"[122489, 122496, 124229, 124230, 124231, 124232, 124236]"
122829,O=C(O)C1CSc2ccccc21,FDHVMZWQPQMDSU-UHFFFAOYSA-N,6.0,50.0,EUR,147.0,2,Enamine,EU stock,EN300-80468,O=C(O)C1CSc2ccccc21,,6,6,"[120691, 120692, 120694, 120695, 120701, 120704]","[122846, 122847, 122849, 122850, 122856, 122859]",Amidation,[122496]
124323,O=C(O)Cc1ccc(Cl)cc1,CDPKJZJVTHSESZ-UHFFFAOYSA-N,16.0,50.0,EUR,18.0,2,Enamine,EU stock,EN300-20301,O=C(O)Cc1ccc(Cl)cc1,,16,16,"[122107, 123242, 123244, 123245, 123247, 123250, 123254, 154357, 155250, 155254, 155259, 155262, 155308, 155318, 155319, 157565]","[124324, 125514, 125516, 125517, 125519, 125522, 125526, 155430, 156403, 156407, 156412, 156415, 156461, 156471, 156472, 158767]",Amidation,"[124229, 124235, 124237]"
124445,Nc1cccc(C(O)C(=O)O)c1,CSCYUKHWQGONIX-UHFFFAOYSA-N,11.0,100.0,EUR,400.0,10,Enamine,Global catalog,EN300-111567,Nc1cccc(C(O)C(=O)O)c1,,11,11,"[122210, 122213, 154948, 155667, 155698, 155699, 155708, 155710, 155780, 155784, 158333]","[124448, 124451, 156101, 156826, 156857, 156858, 156867, 156869, 156939, 156943, 159535]",Amidation,"[124229, 124235, 124237]"
124336,Cc1ccccc1CC(=O)O,RZWGTXHSYZGXKF-UHFFFAOYSA-N,17.0,50.0,EUR,18.0,2,Enamine,EU stock,EN300-21579,Cc1ccccc1CC(=O)O,,17,17,"[122118, 122647, 122733, 122734, 122738, 122763, 123729, 123730, 154321, 154900, 154901, 154962, 154965, 154967, 154972, 154979, 157587]","[124337, 124902, 124988, 124989, 124993, 125019, 126009, 126010, 155390, 156053, 156054, 156115, 156118, 156120, 156125, 156132, 158789]",Amidation,"[124229, 124235, 124237]"
155460,O=C1NCC2CNCC12,SYPKIQNBMOELDJ-UHFFFAOYSA-N,24.0,50.0,EUR,106.0,2,Enamine,EU stock,EN300-20817547,Cl.O=C1NC[C@@H]2CNC[C@H]12,,24,24,"[154479, 154547, 154600, 154662, 154758, 154827, 154853, 154862, 154931, 154962, 155013, 155073, 155138, 155180, 155247, 155308, 155374, 155393, 155453, 155597, 155667, 155792, 155814, 155941]","[155599, 155683, 155752, 155815, 155911, 155980, 156006, 156015, 156084, 156115, 156166, 156226, 156291, 156333, 156400, 156461, 156530, 156549, 156609, 156754, 156826, 156951, 156973, 157100]",Amidation,[124237]
124413,O=C(O)C(=O)c1ccccc1,FAQJJMHZNSSFSM-UHFFFAOYSA-N,17.0,50.0,EUR,18.0,2,Enamine,EU stock,EN300-81664,O=C(O)C(=O)c1ccccc1,,17,17,"[122183, 122185, 123589, 123593, 123594, 123595, 123597, 123767, 154363, 154600, 154603, 154605, 154610, 154615, 154635, 154636, 157514]","[124414, 124416, 125865, 125869, 125870, 125871, 125873, 126047, 155436, 155752, 155755, 155757, 155762, 155767, 155787, 155788, 158711]",Amidation,"[124229, 124235, 124237]"
155479,NNC(=O)C1CCNC1,CVOILPBIXVGJPA-UHFFFAOYSA-N,48.0,50.0,EUR,187.0,2,Enamine,EU stock,EN300-28263139,Cl.Cl.NNC(=O)C1CCNC1,,48,48,"[154436, 154581, 154627, 154628, 154635, 154636, 154651, 154652, 154715, 154716, 154813, 154816, 154817, 154835, 154842, 154843, 154871, 154872, 154875, 154876, 154900, 154901, 155002, 155003, 155086, 155087, 155175, 155177, 155318, 155319, 155384, 155385, 155390, 155391, 155425, 155426, 155611, 155612, 155640, 155641, 155698, 155699, 155770, 155772, 155788, 155789, 155952, 155964]","[155539, 155722, 155779, 155780, 155787, 155788, 155804, 155805, 155868, 155869, 155966, 155969, 155970, 155988, 155995, 155996, 156024, 156025, 156028, 156029, 156053, 156054, 156155, 156156, 156239, 156240, 156328, 156330, 156471, 156472, 156540, 156541, 156546, 156547, 156581, 156582, 156768, 156769, 156799, 156800, 156857, 156858, 156929, 156931, 156947, 156948, 157111, 157123]",Amidation,[124237]
135241,Clc1cccc2c1CCN2,BBHMZHDPVNXFMI-UHFFFAOYSA-N,3.0,50.0,EUR,18.0,2,Enamine,EU stock,EN300-105505,Cl.Clc1cccc2c1CCN2,,3,3,"[133766, 134636, 134638]","[135242, 136207, 136209]",Formation_of_urea_from_two_amines,[122393]
122656,O=C(O)C1CCSc2ccccc21,FNEYWCQEUVIXPB-UHFFFAOYSA-N,10.0,50.0,EUR,169.0,2,Enamine,EU stock,EN300-91709,O=C(O)C1CCSc2ccccc21,,10,10,"[120536, 120540, 120828, 120843, 120891, 120914, 120949, 120952, 120977, 120979]","[122657, 122661, 122996, 123011, 123060, 123083, 123119, 123122, 123147, 123149]",Amidation,[122496]
124345,O=C(O)Cc1cccc(O)c1,FVMDYYGIDFPZAX-UHFFFAOYSA-N,17.0,50.0,EUR,18.0,2,Enamine,EU stock,EN300-54805,O=C(O)Cc1cccc(O)c1,,17,17,"[122125, 122631, 122633, 122634, 122635, 122657, 122661, 122680, 154309, 154813, 154835, 154913, 154917, 154919, 154931, 155037, 157589]","[124346, 124886, 124888, 124889, 124890, 124912, 124916, 124935, 155378, 155966, 155988, 156066, 156070, 156072, 156084, 156190, 158791]",Amidation,"[124229, 124235, 124237]"
139964,CC1(C(=O)O)CCc2ccccc21,IJYVZCGPRUQYPX-UHFFFAOYSA-N,12.0,50.0,EUR,265.0,2,Enamine,EU stock,EN300-151836,CC1(C(=O)O)CCc2ccccc21,,12,12,"[138297, 138509, 138630, 151284, 151286, 151867, 151881, 151883, 151884, 151885, 151889, 151893]","[139965, 140197, 140318, 152332, 152334, 152915, 152929, 152931, 152932, 152933, 152937, 152941]",Amidation,"[124220, 124236]"
133681,Cn1nccc1CC(=O)O,BUEJONJMFDVIMZ-UHFFFAOYSA-N,7.0,50.0,EUR,147.0,2,Enamine,EU stock,EN300-92474,Cn1nccc1CC(=O)O,,7,7,"[132310, 132312, 133351, 133444, 133454, 133455, 133459]","[133682, 133684, 134800, 134894, 134905, 134906, 134910]",Amidation,[124232]
122427,CC(N)Cc1cocn1,UNZJZHNXWNIIIJ-UHFFFAOYSA-N,13.0,100.0,EUR,320.0,10,Enamine,Global catalog,EN300-46897099,CC(N)Cc1cocn1.Cl.Cl,,13,13,"[133807, 134636, 134864, 134917, 137311, 138328, 138379, 138436, 138475, 138502, 138509, 138576, 138962]","[135317, 136207, 136487, 136544, 138958, 140015, 140067, 140124, 140163, 140190, 140197, 140264, 140697]","Amidation, Formation_of_urea_from_two_amines","[122393, 124220]"
139979,O=C(O)C1CCc2cccc(Cl)c21,VGTKWUFJTDUXJN-UHFFFAOYSA-N,12.0,100.0,EUR,287.0,10,Enamine,Global catalog,EN300-8106298,O=C(O)C1CCc2cccc(Cl)c21,,12,12,"[138305, 138436, 138461, 151326, 151328, 151508, 151520, 151523, 151524, 151525, 151529, 151531]","[139980, 140124, 140149, 152374, 152376, 152556, 152568, 152571, 152572, 152573, 152577, 152579]",Amidation,"[124220, 124236]"
62363,NC(=O)C1(F)CCCNC1,LCIZBMVAXYHLPZ-UHFFFAOYSA-N,40.0,50.0,EUR,215.0,2,Enamine,EU stock,EN300-45168285,Cl.NC(=O)C1(F)CCCNC1,,40,40,"[120695, 120755, 120952, 122284, 122299, 122425, 122538, 122580, 122598, 122657, 122721, 122738, 122769, 122817, 123032, 123082, 123092, 123250, 123411, 123530, 123543, 123589, 132317, 133459, 145581, 147821, 148957, 149536, 149700, 150335, 150405, 150860, 151003, 151372, 151529, 151621, 151889, 151941, 152016, 152097]","[122850, 122914, 123122, 124524, 124539, 124679, 124793, 124835, 124853, 124912, 124976, 124993, 125026, 125075, 125295, 125348, 125359, 125522, 125686, 125805, 125818, 125865, 133689, 134910, 146373, 148739, 149915, 150537, 150709, 151357, 151429, 151893, 152044, 152420, 152577, 152669, 152937, 152989, 153064, 153145]",Amidation,"[122489, 122496, 124229, 124230, 124231, 124232, 124236]"
124371,O=C(O)Cc1cccc(I)c1,MRSWWBAFGGGWRH-UHFFFAOYSA-N,19.0,50.0,EUR,18.0,2,Enamine,EU stock,EN300-103230,O=C(O)Cc1cccc(I)c1,,19,19,"[122146, 122493, 122495, 122496, 122515, 122522, 122523, 122538, 122542, 123702, 154336, 154842, 154843, 154853, 154856, 154883, 155090, 155094, 157619]","[124372, 124748, 124750, 124751, 124770, 124777, 124778, 124793, 124797, 125982, 155406, 155995, 155996, 156006, 156009, 156036, 156243, 156247, 158821]",Amidation,"[124229, 124235, 124237]"
62347,NC(=O)C1(N)CCCNC1,FLAITKOPRGFZIF-UHFFFAOYSA-N,50.0,50.0,EUR,202.0,2,Enamine,EU stock,EN300-1703384,Cl.Cl.NC(=O)C1(N)CCCNC1,,50,50,"[120783, 120891, 120914, 122204, 122214, 122451, 122509, 122522, 122523, 122565, 122647, 122661, 122705, 122706, 122825, 122826, 122995, 123015, 123017, 123065, 123298, 123299, 123387, 123388, 123568, 123613, 123614, 132273, 133351, 145539, 145540, 147751, 149512, 149559, 149758, 149759, 150389, 150396, 150449, 150458, 150892, 150893, 150966, 150967, 151397, 151520, 151867, 151919, 151980, 151996]","[122945, 123060, 123083, 124440, 124452, 124705, 124764, 124777, 124778, 124820, 124902, 124916, 124960, 124961, 125083, 125084, 125258, 125278, 125280, 125329, 125573, 125574, 125662, 125663, 125844, 125890, 125891, 133636, 134800, 146327, 146328, 148668, 150509, 150561, 150767, 150768, 151413, 151420, 151473, 151482, 151927, 151928, 152006, 152007, 152445, 152568, 152915, 152967, 153028, 153044]",Amidation,"[122489, 122496, 124229, 124230, 124231, 124232, 124236]"
122577,O=C(O)C1CCc2cccc(Br)c21,UHTRQBVDHYYBLC-UHFFFAOYSA-N,12.0,100.0,EUR,320.0,10,Enamine,Global catalog,EN300-7493549,O=C(O)C1CCc2cccc(Br)c21,,12,12,"[120472, 138303, 138475, 138477, 151275, 151980, 152089, 152092, 152093, 152097, 152101, 152102]","[122553, 139976, 140163, 140165, 152323, 153028, 153137, 153140, 153141, 153145, 153149, 153150]",Amidation,"[124220, 124236]"
124254,O=C(O)Cc1cccc(Br)c1,KYNNBXCGXUOREX-UHFFFAOYSA-N,19.0,50.0,EUR,18.0,2,Enamine,EU stock,EN300-59283,O=C(O)Cc1cccc(Br)c1,,19,19,"[122049, 123092, 123096, 123097, 123106, 123116, 123123, 123298, 123299, 123691, 154355, 154627, 154628, 154744, 154748, 154753, 154755, 154758, 157567]","[124255, 125359, 125363, 125364, 125373, 125383, 125390, 125573, 125574, 125971, 155428, 155779, 155780, 155897, 155901, 155906, 155908, 155911, 158769]",Amidation,"[124229, 124235, 124237]"
155358,NC(=O)C1(O)CCNC1,CVCRPTIOZZCXMR-UHFFFAOYSA-N,24.0,50.0,EUR,193.0,2,Enamine,EU stock,EN300-172481,Cl.NC(=O)C1(O)CCNC1,,24,24,"[154458, 154613, 154615, 154744, 154786, 154790, 154800, 154917, 154979, 154992, 155036, 155094, 155154, 155224, 155250, 155304, 155336, 155373, 155500, 155633, 155761, 155780, 155834, 155984]","[155578, 155765, 155767, 155897, 155939, 155943, 155953, 156070, 156132, 156145, 156189, 156247, 156307, 156377, 156403, 156457, 156492, 156529, 156657, 156792, 156920, 156939, 156993, 157143]",Amidation,[124237]
150406,O=C(O)Cc1cccc(Cl)n1,VXIZNALVARXJBD-UHFFFAOYSA-N,10.0,50.0,EUR,31.0,2,Enamine,EU stock,EN300-113577,O=C(O)Cc1cccc(Cl)n1,,10,10,"[149431, 149435, 150399, 150400, 150401, 150405, 150406, 150429, 150449, 150458]","[150410, 150414, 151423, 151424, 151425, 151429, 151430, 151453, 151473, 151482]",Amidation,[124230]
124426,CC(C(=O)O)c1ccccc1,YPGCWEMNNLXISK-UHFFFAOYSA-N,18.0,50.0,EUR,18.0,2,Enamine,EU stock,EN300-126336,C[C@@H](C(=O)O)c1ccccc1,,18,18,"[122193, 122195, 123522, 123524, 123525, 123526, 123530, 123568, 123765, 154372, 154416, 154613, 154651, 154652, 154662, 154677, 154688, 157624]","[124427, 124429, 125797, 125799, 125800, 125801, 125805, 125844, 126045, 155445, 155503, 155765, 155804, 155805, 155815, 155830, 155841, 158826]",Amidation,"[124229, 124235, 124237]"
148588,CCOc1cccnc1CC(=O)O,JAEGHHZUEBNHCR-UHFFFAOYSA-N,7.0,100.0,EUR,326.0,10,Enamine,Global catalog,EN300-189820,CCOc1cccnc1CC(=O)O,,7,7,"[147685, 147687, 148949, 148951, 148953, 148957, 148961]","[148589, 148591, 149907, 149909, 149911, 149915, 149919]",Amidation,[122489]
124242,O=C(O)C(Br)c1ccccc1,WAKFRZBXTKUFIW-UHFFFAOYSA-N,18.0,50.0,EUR,18.0,2,Enamine,EU stock,EN300-110722,O=C(O)C(Br)c1ccccc1,,18,18,"[122040, 122046, 123065, 123074, 123075, 123077, 123078, 123082, 123085, 154405, 154458, 154479, 154484, 154501, 154503, 154715, 154716, 157582]","[124243, 124250, 125329, 125340, 125341, 125343, 125344, 125348, 125351, 155491, 155578, 155599, 155604, 155621, 155623, 155868, 155869, 158784]",Amidation,"[124229, 124235, 124237]"
124297,O=C(O)C1Cc2ccccc21,NYOXTUZNVYEODT-UHFFFAOYSA-N,20.0,50.0,EUR,55.0,2,Enamine,EU stock,EN300-81945,O=C(O)C1Cc2ccccc21,,20,20,"[122087, 122089, 123006, 123015, 123017, 123026, 123027, 123028, 123032, 123036, 154313, 155425, 155426, 155445, 155447, 155453, 155633, 155637, 155860, 157560]","[124298, 124300, 125269, 125278, 125280, 125289, 125290, 125291, 125295, 125299, 155382, 156581, 156582, 156601, 156603, 156609, 156792, 156796, 157019, 158761]",Amidation,"[124229, 124235, 124237]"
19606,NC(C(=O)O)c1ccccc1Cl,LMIZLNPFTRQPSF-UHFFFAOYSA-N,3.0,50.0,EUR,18.0,2,Enamine,EU stock,EN300-306120,N[C@H](C(=O)O)c1ccccc1Cl,,3,3,"[122798, 122905, 154926]","[125056, 125167, 156079]",Amidation,"[124229, 124237]"
126071,N=c1ccnc(CCl)[nH]1,JWAQENUKTAOJST-UHFFFAOYSA-N,3.0,50.0,EUR,83.0,2,Enamine,EU stock,EN300-107884,Nc1ccnc(CCl)n1,,3,3,"[124014, 126285, 126428]","[126351, 128556, 128699]",Williamson_ether_synthesis,[124233]
126496,NC(=O)Nc1ccc(Br)cc1O,VKJQCAIUKOCAHE-UHFFFAOYSA-N,5.0,100.0,EUR,651.0,10,Enamine,Global catalog,EN300-46981294,NC(=O)Nc1ccc(Br)cc1O,,5,5,"[124826, 124827, 126285, 129626, 129627]","[127224, 127225, 128556, 131311, 131312]",Williamson_ether_synthesis,[124233]
124380,O=C(O)Cc1ccccc1O,CCVYRRGZDBSHFU-UHFFFAOYSA-N,19.0,50.0,EUR,18.0,2,Enamine,EU stock,EN300-50865,O=C(O)Cc1ccccc1O,,19,19,"[122180, 122182, 122204, 122214, 122299, 122303, 122313, 122315, 122331, 123710, 154410, 154871, 154872, 155036, 155044, 155126, 155128, 155138, 157594]","[124410, 124412, 124440, 124452, 124539, 124543, 124553, 124555, 124574, 125990, 155497, 156024, 156025, 156189, 156197, 156279, 156281, 156291, 158796]",Amidation,"[124229, 124235, 124237]"
135746,NC1C(=O)Nc2ccccc21,KOURBIFKJIEMRK-UHFFFAOYSA-N,3.0,50.0,EUR,62.0,2,Enamine,EU stock,EN300-14698,Cl.NC1C(=O)Nc2ccccc21,,3,3,"[134212, 137311, 137313]","[135747, 138958, 138960]",Formation_of_urea_from_two_amines,[122393]
124302,C=C(C(=O)O)c1ccccc1,ONPJWQSDZCGSQM-UHFFFAOYSA-N,19.0,50.0,EUR,18.0,2,Enamine,EU stock,EN300-93624,C=C(C(=O)O)c1ccccc1,,19,19,"[122091, 122093, 123387, 123388, 123411, 123415, 123416, 123752, 123753, 123754, 154331, 155373, 155374, 155384, 155385, 155394, 155403, 155411, 157650]","[124303, 124305, 125662, 125663, 125686, 125690, 125691, 126032, 126033, 126034, 155401, 156529, 156530, 156540, 156541, 156550, 156559, 156567, 158852]",Amidation,"[124229, 124235, 124237]"
124665,Nc1ccc(C(O)C(=O)O)cc1,YJGSMLNQLMZMJD-UHFFFAOYSA-N,11.0,50.0,EUR,227.0,2,Enamine,EU stock,EN300-7460951,Cl.Nc1ccc(C(O)C(=O)O)cc1,,11,11,"[122412, 122473, 154923, 155788, 155789, 155800, 155802, 155814, 155834, 155871, 158375]","[124666, 124727, 156076, 156947, 156948, 156959, 156961, 156973, 156993, 157030, 159577]",Amidation,"[124229, 124235, 124237]"
126116,CC(=O)Nc1ccccc1O,ADVGKWPZRIDURE-UHFFFAOYSA-N,5.0,50.0,EUR,18.0,2,Enamine,EU stock,EN300-17802,CC(=O)Nc1ccccc1O,,5,5,"[124014, 124173, 124205, 125791, 125792]","[126351, 126368, 126556, 127483, 128105]",Williamson_ether_synthesis,[124233]
126424,ClCc1nc(Cl)cc(Cl)n1,OGXCXLWVUKSJGE-UHFFFAOYSA-N,6.0,100.0,EUR,80.0,10,Enamine,Global catalog,EN300-100333,ClCc1nc(Cl)cc(Cl)n1,,6,6,"[125791, 125792, 129626, 129627, 129989, 129990]","[127483, 128105, 131311, 131312, 131594, 131626]",Williamson_ether_synthesis,[124233]
139944,O=C(O)C1CCc2cccc(O)c21,QBQLBBVEKRXFGH-UHFFFAOYSA-N,5.0,50.0,EUR,240.0,2,Enamine,EU stock,EN300-221824,O=C(O)C1CCc2cccc(O)c21,,5,5,"[138287, 138555, 138576, 151203, 151205]","[139945, 140243, 140264, 152251, 152253]",Amidation,"[124220, 124236]"
150459,O=C(O)Cc1ccc(O)cn1,BZRCUHNZOAAEGU-UHFFFAOYSA-N,10.0,50.0,EUR,160.0,2,Enamine,EU stock,EN300-188341,O=C(O)Cc1ccc(O)cn1,,10,10,"[149471, 149473, 150857, 150860, 150864, 150865, 150866, 150892, 150893, 151168]","[150460, 150462, 151890, 151893, 151897, 151898, 151899, 151927, 151928, 152216]",Amidation,[124230]
150419,O=C(O)Cc1ncccc1F,KVVLGFFPZLHRJE-UHFFFAOYSA-N,10.0,50.0,EUR,124.0,2,Enamine,EU stock,EN300-190382,Cl.O=C(O)Cc1ncccc1F,,10,10,"[149439, 149441, 150966, 150967, 150996, 150997, 150998, 150999, 151003, 151006]","[150420, 150422, 152006, 152007, 152037, 152038, 152039, 152040, 152044, 152047]",Amidation,[124230]
62371,CC1CNCC(C(N)=O)C1,AQBITMVCMQRZBW-UHFFFAOYSA-N,41.0,50.0,EUR,121.0,2,Enamine,EU stock,EN300-1724086,CC1CNCC(C(N)=O)C1.Cl,,41,41,"[120692, 120766, 120979, 122279, 122315, 122419, 122496, 122575, 122593, 122634, 122716, 122733, 122784, 122812, 123027, 123077, 123106, 123245, 123416, 123525, 123537, 123594, 123687, 132329, 133454, 145576, 147820, 148953, 149579, 149695, 150340, 150400, 150865, 150998, 151407, 151524, 151616, 151884, 151936, 151987, 152102]","[122847, 122925, 123149, 124519, 124555, 124673, 124751, 124830, 124848, 124889, 124971, 124988, 125041, 125070, 125290, 125343, 125373, 125517, 125691, 125800, 125812, 125870, 125967, 133702, 134905, 146368, 148738, 149911, 150582, 150704, 151362, 151424, 151898, 152039, 152455, 152572, 152664, 152932, 152984, 153035, 153150]",Amidation,"[122489, 122496, 124229, 124230, 124231, 124232, 124236]"
139966,Cc1ccc2c(c1)CCC2C(=O)O,BNIJFBKRRIVWKC-UHFFFAOYSA-N,12.0,100.0,EUR,56.0,10,Enamine,Global catalog,EN300-3066554,Cc1ccc2c(c1)CCC2C(=O)O,,12,12,"[138298, 138379, 138381, 151287, 151289, 151919, 151922, 151935, 151936, 151937, 151941, 151943]","[139967, 140067, 140069, 152335, 152337, 152967, 152970, 152983, 152984, 152985, 152989, 152991]",Amidation,"[124220, 124236]"
146406,O=C(O)C1CCOc2c(F)cccc21,NGVSTYVIMDWOMA-UHFFFAOYSA-N,2.0,100.0,EUR,301.0,10,Enamine,Global catalog,EN300-380920,O=C(O)C1CCOc2c(F)cccc21,,2,2,"[145611, 145613]","[146407, 146409]",Amidation,[124231]
124252,Nc1ccccc1CC(=O)O,KHMNCHDUSFCTGK-UHFFFAOYSA-N,18.0,100.0,EUR,18.0,10,Enamine,Global catalog,EN300-64160,Nc1ccccc1CC(=O)O,,18,18,"[122136, 122138, 122565, 122572, 122574, 122575, 122576, 122580, 122584, 154409, 154988, 154992, 154998, 155002, 155003, 155013, 155016, 157603]","[124360, 124362, 124820, 124827, 124829, 124830, 124831, 124835, 124839, 155496, 156141, 156145, 156151, 156155, 156156, 156166, 156169, 158805]",Amidation,"[124229, 124235, 124237]"
150465,Cc1ccnc(CC(=O)O)c1,UAFFMZYXTLDFAS-UHFFFAOYSA-N,10.0,50.0,EUR,100.0,2,Enamine,EU stock,EN300-6733810,Cc1ccnc(CC(=O)O)c1.Cl,,10,10,"[149477, 149479, 149695, 149696, 149700, 149701, 149704, 149711, 149758, 149759]","[150467, 150469, 150704, 150705, 150709, 150710, 150713, 150720, 150767, 150768]",Amidation,[124230]
155636,NNC(=O)C1CNC(=O)C1,YBFBICBMBQEKSM-UHFFFAOYSA-N,1.0,50.0,EUR,81.0,2,Enamine,EU stock,EN300-236606,NNC(=O)C1CNC(=O)C1,,1,1,[155860],[157019],Amidation,[124237]
126662,CC(=O)Nc1cc(N)ccc1O,MHEVFARIRDCFEO-UHFFFAOYSA-N,5.0,50.0,EUR,35.0,2,Enamine,EU stock,EN300-7460863,CC(=O)Nc1cc(N)ccc1O,,5,5,"[124780, 124807, 126428, 129989, 129990]","[127177, 127205, 128699, 131594, 131626]",Williamson_ether_synthesis,[124233]
135239,Brc1ccc2c(c1)CCN2,QEDCHCLHHGGYBT-UHFFFAOYSA-N,3.0,50.0,EUR,18.0,2,Enamine,EU stock,EN300-113560,Brc1ccc2c(c1)CCN2.Cl,,3,3,"[133765, 134907, 134917]","[135240, 136534, 136544]",Formation_of_urea_from_two_amines,[122393]
124434,O=C(O)Cc1ccccc1I,IUHXGZHKSYYDIL-UHFFFAOYSA-N,17.0,50.0,EUR,18.0,2,Enamine,EU stock,EN300-113211,O=C(O)Cc1ccccc1I,,17,17,"[122199, 123451, 123534, 123536, 123537, 123538, 123543, 123706, 154413, 155500, 155504, 155597, 155602, 155614, 155640, 155641, 157679]","[124435, 125726, 125809, 125811, 125812, 125813, 125818, 125986, 155500, 156657, 156661, 156754, 156759, 156771, 156799, 156800, 158881]",Amidation,"[124229, 124235, 124237]"
158701,NC(=O)C1C2CCNCC21,YZJWLAOEMFTGKB-UHFFFAOYSA-N,27.0,100.0,EUR,316.0,10,Enamine,Global catalog,EN300-45380433,Cl.NC(=O)C1C2CCNCC21,,27,27,"[157505, 157514, 157519, 157534, 157544, 157555, 157560, 157565, 157567, 157582, 157587, 157589, 157594, 157603, 157619, 157624, 157635, 157650, 157679, 157695, 158018, 158066, 158232, 158333, 158368, 158375, 158395]","[158702, 158711, 158716, 158733, 158743, 158756, 158761, 158767, 158769, 158784, 158789, 158791, 158796, 158805, 158821, 158826, 158837, 158852, 158881, 158897, 159220, 159268, 159434, 159535, 159570, 159577, 159597]",Amidation,[124235]
150562,O=C(O)Cc1ccc(Br)cn1,ATKULCGQSLCGEK-UHFFFAOYSA-N,10.0,50.0,EUR,18.0,2,Enamine,EU stock,EN300-7870535,Cl.O=C(O)Cc1ccc(Br)cn1,,10,10,"[149560, 149566, 150331, 150335, 150339, 150340, 150341, 150343, 150389, 150396]","[150563, 150569, 151353, 151357, 151361, 151362, 151363, 151365, 151413, 151420]",Amidation,[124230]
124863,O=C(O)Cc1cccc(Br)c1F,PAWQVTBBRAZDMG-UHFFFAOYSA-N,4.0,50.0,EUR,18.0,2,Enamine,EU stock,EN300-310355,O=C(O)Cc1cccc(Br)c1F,,4,4,"[122608, 122621, 154762, 158066]","[124864, 124876, 155915, 159268]",Amidation,"[124229, 124235, 124237]"
155369,NC(=O)C1(F)CCNC1,RJZXELKWRSKEID-UHFFFAOYSA-N,24.0,100.0,EUR,227.0,10,Enamine,Global catalog,EN300-2962243,Cl.NC(=O)C1(F)CCNC1,,24,24,"[154484, 154530, 154610, 154677, 154748, 154797, 154804, 154913, 154972, 154988, 155044, 155084, 155090, 155254, 155288, 155305, 155340, 155403, 155504, 155637, 155784, 155818, 155871, 155988]","[155604, 155666, 155762, 155830, 155901, 155950, 155957, 156066, 156125, 156141, 156197, 156237, 156243, 156407, 156441, 156458, 156496, 156559, 156661, 156796, 156943, 156977, 157030, 157147]",Amidation,[124237]
135252,CC1Cc2ccccc2N1,QRWRJDVVXAXGBT-UHFFFAOYSA-N,3.0,50.0,EUR,18.0,2,Enamine,EU stock,EN300-19044,CC1Cc2ccccc2N1,,3,3,"[133772, 134862, 134864]","[135253, 136485, 136487]",Formation_of_urea_from_two_amines,[122393]
135318,Cc1ocnc1CCN,PCFQXPHLIDJWIJ-UHFFFAOYSA-N,13.0,50.0,EUR,195.0,2,Enamine,EU stock,EN300-7493904,Cc1ocnc1CCN.Cl,,13,13,"[133808, 134638, 134862, 134907, 137313, 138319, 138381, 138461, 138477, 138504, 138555, 138630, 138964]","[135319, 136209, 136485, 136534, 138960, 140006, 140069, 140149, 140165, 140192, 140243, 140318, 140699]","Amidation, Formation_of_urea_from_two_amines","[122393, 124220]"
124356,O=C(O)Cc1ccc(F)cc1,MGKPFALCNDRSQD-UHFFFAOYSA-N,18.0,50.0,EUR,18.0,2,Enamine,EU stock,EN300-20216,O=C(O)Cc1ccc(F)cc1,,18,18,"[122133, 122705, 122706, 122713, 122715, 122716, 122717, 122721, 122725, 154327, 154790, 154797, 154816, 154817, 154827, 154830, 154832, 157695]","[124357, 124960, 124961, 124968, 124970, 124971, 124972, 124976, 124980, 155397, 155943, 155950, 155969, 155970, 155980, 155983, 155985, 158897]",Amidation,"[124229, 124235, 124237]"
12491,O=C(O)C(Cl)c1ccccc1,QKSGIGXOKHZCQZ-UHFFFAOYSA-N,18.0,50.0,EUR,18.0,2,Enamine,EU stock,EN300-21393,O=C(O)C(Cl)c1ccccc1,,18,18,"[122080, 122085, 122811, 122812, 122813, 122817, 122818, 122917, 122995, 154339, 155224, 155247, 155305, 155322, 155324, 155611, 155612, 157635]","[124289, 124295, 125069, 125070, 125071, 125075, 125076, 125179, 125258, 155409, 156377, 156400, 156458, 156475, 156477, 156768, 156769, 158837]",Amidation,"[124229, 124235, 124237]"
126067,ClCc1ncc(Cl)cn1,QWCRLUJTUHEVAU-UHFFFAOYSA-N,6.0,50.0,EUR,77.0,2,Enamine,EU stock,EN300-1605110,Cl.ClCc1ncc(Cl)cn1,,6,6,"[124173, 124205, 124780, 124807, 124826, 124827]","[126368, 126556, 127177, 127205, 127224, 127225]",Williamson_ether_synthesis,[124233]
124286,O=C(O)Cc1cccc(Cl)c1,WFPMUFXQDKMVCO-UHFFFAOYSA-N,19.0,50.0,EUR,18.0,2,Enamine,EU stock,EN300-64105,O=C(O)Cc1cccc(Cl)c1,,19,19,"[122079, 122769, 122773, 122774, 122784, 122794, 122802, 122825, 122826, 123697, 154307, 155336, 155340, 155345, 155347, 155390, 155391, 155393, 157519]","[124288, 125026, 125030, 125031, 125041, 125051, 125060, 125083, 125084, 125977, 155376, 156492, 156496, 156501, 156503, 156546, 156547, 156549, 158716]",Amidation,"[124229, 124235, 124237]"
124422,Cc1ccc(CC(=O)O)cc1,GXXXUZIRGXYDFP-UHFFFAOYSA-N,18.0,50.0,EUR,18.0,2,Enamine,EU stock,EN300-21656,Cc1ccc(CC(=O)O)cc1,,18,18,"[122190, 122417, 122419, 122420, 122425, 122451, 122468, 123704, 123714, 154328, 154800, 154804, 154834, 154862, 154875, 154876, 154882, 157505]","[124423, 124671, 124673, 124674, 124679, 124705, 124722, 125984, 125994, 155398, 155953, 155957, 155987, 156015, 156028, 156029, 156035, 158702]",Amidation,"[124229, 124235, 124237]"
139977,O=C(O)C1CCc2ccc(Cl)cc21,XMJXQAGIYOQVSP-UHFFFAOYSA-N,12.0,50.0,EUR,69.0,2,Enamine,EU stock,EN300-200105,O=C(O)C1CCc2ccc(Cl)cc21,,12,12,"[138304, 138502, 138504, 151277, 151279, 151962, 151986, 151987, 151988, 151996, 152016, 152020]","[139978, 140190, 140192, 152325, 152327, 153010, 153034, 153035, 153036, 153044, 153064, 153068]",Amidation,"[124220, 124236]"
135233,Fc1cccc2c1NCC2,AGJTUVBSTFSZFY-UHFFFAOYSA-N,1.0,50.0,EUR,116.0,2,Enamine,EU stock,EN300-98048,Fc1cccc2c1NCC2,,1,1,[133762],[135234],Formation_of_urea_from_two_amines,[122393]
